mutation_set,mutation_count,sequence_count
A135E + A138P + A16P + A19L + A74S + A99S + D130G + E170D + E2T + E40D + G136A + G84E + H228R + K12R + K181R + L13I + L21M + L3K + L65M + M1I + M22A + M245T + M27I + M39V + M67V + P4S + Q37E + R81K + S14G + S244N + S24P + T15L + T34S + T41K + V10I + V155T + V247A + V88L + Y64F,39,1
A257Y + A258E + A266L + D267P + H261R + I259L + K268A + L269V + M265L + R270G + T260V,11,1
A257P + A258P + D254T + R256S + R264S + S255T + T260C + T262R,8,1
A74T + G200R + G36D + G69S + R32S,5,1
A131T + D130V + M154L + V88L,4,1
A99T + L221P + P150L + P28A,4,1
A233V + D130N + M154L,3,1
A263P + M154L + V88L,3,1
E170K + M154L + V88L,3,1
M154L + R270H + V88L,3,1
A233V + M154L,2,1
D130G + M154L,2,1
D130N + M154L,2,1
D95N + M154L,2,1
G222D + M154L,2,1
M154L + V88L,2,1
A233V,1,1
D130G,1,1
D95N,1,1
E152K,1,1
M154L,1,1
M154V,1,1
P28A,1,1
P9R,1,1
Q107R,1,1
R264H,1,1
V88L,1,1
