mutation,sequence_count,percentage_of_all_30_sequences
M154L,12,40
V88L,7,23.33
A233V,3,10
D130G,3,10
D130N,2,6.67
D95N,2,6.67
P28A,2,6.67
A131T,1,3.33
A135E,1,3.33
A138P,1,3.33
A16P,1,3.33
A19L,1,3.33
A257P,1,3.33
A257Y,1,3.33
A258E,1,3.33
A258P,1,3.33
A263P,1,3.33
A266L,1,3.33
A74S,1,3.33
A74T,1,3.33
A99S,1,3.33
A99T,1,3.33
D130V,1,3.33
D254T,1,3.33
D267P,1,3.33
E152K,1,3.33
E170D,1,3.33
E170K,1,3.33
E2T,1,3.33
E40D,1,3.33
G136A,1,3.33
G200R,1,3.33
G222D,1,3.33
G36D,1,3.33
G69S,1,3.33
G84E,1,3.33
H228R,1,3.33
H261R,1,3.33
I259L,1,3.33
K12R,1,3.33
K181R,1,3.33
K268A,1,3.33
L13I,1,3.33
L21M,1,3.33
L221P,1,3.33
L269V,1,3.33
L3K,1,3.33
L65M,1,3.33
M154V,1,3.33
M1I,1,3.33
M22A,1,3.33
M245T,1,3.33
M265L,1,3.33
M27I,1,3.33
M39V,1,3.33
M67V,1,3.33
P150L,1,3.33
P4S,1,3.33
P9R,1,3.33
Q107R,1,3.33
Q37E,1,3.33
R256S,1,3.33
R264H,1,3.33
R264S,1,3.33
R270G,1,3.33
R270H,1,3.33
R32S,1,3.33
R81K,1,3.33
S14G,1,3.33
S244N,1,3.33
S24P,1,3.33
S255T,1,3.33
T15L,1,3.33
T260C,1,3.33
T260V,1,3.33
T262R,1,3.33
T34S,1,3.33
T41K,1,3.33
V10I,1,3.33
V155T,1,3.33
V247A,1,3.33
Y64F,1,3.33
