variant,mutation,mutation_count,sequence_count,percentage_within_variant
NDM-1,M154L,2,8,25
NDM-1,V88L,2,8,25
NDM-1,A135E,1,8,12.5
NDM-1,A138P,1,8,12.5
NDM-1,A16P,1,8,12.5
NDM-10,A74T,1,1,100
NDM-10,G200R,1,1,100
NDM-10,G36D,1,1,100
NDM-10,G69S,1,1,100
NDM-10,R32S,1,1,100
NDM-11,M154V,1,1,100
NDM-12,G222D,1,1,100
NDM-12,M154L,1,1,100
NDM-13,D95N,1,1,100
NDM-13,M154L,1,1,100
NDM-14,D130G,1,1,100
NDM-15,A233V,1,1,100
NDM-15,M154L,1,1,100
NDM-16,R264H,1,1,100
NDM-17,M154L,2,2,100
NDM-17,V88L,2,2,100
NDM-17,E170K,1,2,50
NDM-17,R270H,1,2,50
NDM-19,A233V,1,1,100
NDM-19,D130N,1,1,100
NDM-19,M154L,1,1,100
NDM-2,P28A,1,1,100
NDM-3,A99T,1,2,50
NDM-3,D95N,1,2,50
NDM-3,L221P,1,2,50
NDM-3,P150L,1,2,50
NDM-3,P28A,1,2,50
NDM-4,M154L,1,1,100
NDM-5,V88L,3,3,100
NDM-5,M154L,2,3,66.67
NDM-5,A131T,1,3,33.33
NDM-5,A263P,1,3,33.33
NDM-5,D130V,1,3,33.33
NDM-6,A233V,1,1,100
NDM-8,D130G,1,1,100
NDM-8,M154L,1,1,100
